title,creator,date,description,subject,location,latitude,longitude,source,identifier,type,format,language,rights,rightsstatement,object_thumb,object_location,reference_url
1930 U.S. Census Population Schedule,United States Census Bureau,1930-04-10,1930 Census focusing on Clarence Knuckles and his family,census; clarence knuckles; odessa knuckles; theadosia knuckles; harlen knuckles; sallie knuckles,"Gowdeysville, South Carolina",34.9065205,-81.5706518,ancestry.com,knuckles_clarence_1930_census,Image;StillImage,image/jpeg,eng,Public Domain,https://creativecommons.org/publicdomain/mark/1.0/,,/objects/knuckles_clarence_1930_census.jpg,
1940 U.S. Census Population Schedule,United States Census Bureau,1940-04-29,1940 Census focusing on Clarence Knuckles and his family,census; clarence knuckles; odessa knuckles; theadosia knuckles; martha knuckles; coleen knuckles; garcie knuckles; franklin knuckles; ruby knuckles; bobbie knuckles; annette knuckles; senobia knuckles,"Draytonville, South Carolina",35.049444,-81.593611,ancestry.com,knuckles_clarence_1940_census,Image;StillImage,image/jpeg,eng,Public Domain,https://creativecommons.org/publicdomain/mark/1.0/,,/objects/knuckles_clarence_1940_census.jpg,
1900 U.S. Census Population Schedule,United States Census Bureau,1900-06-05,1900 Census focusing on Clarence Knuckles and his family,census; clarence knuckles; isaiah knuckles; lizzie knuckles; agnes knuckles; vashti knuckles; james knuckles; mattie knuckles; lester knuckles; moire knuckles; julia knuckles,"Draytonville, South Carolina",35.049444,-81.593611,ancestry.com,knuckles_clarence_1900_census,Image;StillImage,image/jpeg,eng,Public Domain,https://creativecommons.org/publicdomain/mark/1.0/,,/objects/knuckles_clarence_1900_census.jpg,
1910 U.S. Census Population Schedule 1,United States Census Bureau,1910-04-29,1910 Census focusing on Isaiah Knuckles and his family,census; isaiah knuckles; lizzie knuckles; agnes knuckles; louis knuckles; mattie knuckles; lester knuckles; moire knuckles; julus knuckles; ophelia knuckles; johnie knuckles; freddie knuckles; francis knuckles; bell knuckles; eva knuckles,"Draytonville, South Carolina",35.049444,-81.593611,ancestry.com,knuckles_isaiah_1910_1_census,Image;StillImage,image/jpeg,eng,Public Domain,https://creativecommons.org/publicdomain/mark/1.0/,,/objects/knuckles_isaiah_1910_1_census.jpg,
1910 U.S. Census Population Schedule 2,United States Census Bureau,1910-04-29,1910 Census focusing on Isaiah Knuckles and his family,census; isaiah knuckles; lizzie knuckles; agnes knuckles; louis knuckles; mattie knuckles; lester knuckles; moire knuckles; julus knuckles; ophelia knuckles; johnie knuckles; freddie knuckles; francis knuckles; bell knuckles; eva knuckles,"Draytonville, South Carolina",35.049444,-81.593611,ancestry.com,knuckles_isaiah_1910_2_census,Image;StillImage,image/jpeg,eng,Public Domain,https://creativecommons.org/publicdomain/mark/1.0/,,/objects/knuckles_isaiah_1910_2_census.jpg,
1920 U.S. Census Population Schedule,United States Census Bureau,1920-01-03,1920 Census focusing on Clarence Knuckles and his family,census; clarence knuckles; isaiah knuckles; lizzie knuckles; esterbelle knuckles; fredie knuckles; herbert knuckles; rosa knuckles; lester knuckles; jennia knuckles; sam knuckles; cossie knuckles; booker t knuckles,"Gowdeysville, South Carolina",34.9065205,-81.5706518,ancestry.com,knuckles_clarence_1920_census,Image;StillImage,image/jpeg,eng,Public Domain,https://creativecommons.org/publicdomain/mark/1.0/,,/objects/knuckles_clarence_1920_census.jpg,
Clarence Knuckles Death Certificate,South Carolina Division of Vital Statistics,1967-01-02,Death Certificate of Clarence Knuckles ,death certificate; clarence knuckles; elizabeth knuckles; odessa smith knuckles,Cherokee County Memorial Hospital,35.0881652,-81.6374445,South Carolina Division of Vital Statistics,knuckles_clarence_death_certificate,Image;StillImage,image/jpeg,eng,Public Domain,https://creativecommons.org/publicdomain/mark/1.0/,,/objects/knuckles_clarence_death_certificate.jpg,
Isaiah Knuckles Gravestone,Archie & Dianne Lowry Fowler,2014-04-11,Photograph of Isaiah Knuckles Gravestone,gravestone; Isaiah Knuckles; reverend,Mulberry Chapel Methodist Church Cemetery,34.93071,-81.65373,findagrave.com,knuckles_isaiah_rev_gravestone,Image;StillImage,image/jpeg,eng,In Copyright - Educational Use Permitted and permission granted by copyright holder.,http://rightsstatements.org/vocab/InC-EDU/1.0/,,/objects/knuckles_isaiah_rev_gravestone.jpg,
1870 U.S. Census Population Schedule,United States Census Bureau,1870-06-23,1870 Census focusing on Isaiah Knuckles and his parents and family,census; Isaiah Knuckles; Samuel  Knuckles; Siller Knuckles; Rachel Knuckles; Henry Knuckles; Sam Knuckles; Cyndia Knuckles; James Knuckles; Hannibal Littlejohn; Samuel Littlejohn; Convero Littlejohn; Marietta Littlejohn,"Draytonville, South Carolina",35.049444,-81.593611,ancestry.com,knuckles_isaiah_1870_census,Image;StillImage,image/jpeg,eng,Public Domain,https://creativecommons.org/publicdomain/mark/1.0/,,/objects/knuckles_isaiah_1870_census.jpg,
U.S. WWI Draft Registration Card,United States Selective Service System,1917-06-05,Clarence Knuckles Draft Registration Card,draft; WWI; Clarence Knuckles,"Wilkinsville, South Carolina",34.972,-81.533,ancestry.com,knuckles_clarence_draft_registration_card,Image;StillImage,image/jpeg,eng,Public Domain,https://creativecommons.org/publicdomain/mark/1.0/,,/objects/knuckles_clarence_draft_registration_card.jpg,
Clarence Knuckles Gravestone,Richard Jordan,2010-07-19,Photograph of Clarence Knuckles Gravestone,gravestone; clarence knuckles; military service,Mount Tabor Baptist Church Cemetery,34.95578,-81.51755,findagrave.com,knuckles_clarence_gravestone,Image;StillImage,image/jpeg,eng,In Copyright - Educational Use Permitted and permission granted by copyright holder.,http://rightsstatements.org/vocab/InC-EDU/1.0/,,/objects/knuckles_clarence_gravestone.jpg,